{
	"format_version": "1.8.0",
	"animations": {
		"animation.gm1_ord.badnik_eggrobo.deploy": {
			"loop": "hold_on_last_frame",
			"animation_length": 2.25,
			"start_delay": "math.random(0, 0.125)",
			"bones": {
				"body": {
					"position": {
						"1.0": [0, -7, 0],
						"1.2083": [0, -7.5, 0],
						"1.2917": [0, 1.7, 0],
						"1.375": [0, -4, 0],
						"1.4167": [0, 0, 0]
					}
				},
				"boosters": {
					"rotation": {
						"1.0": [90, 0, 0],
						"1.25": [90, 0, 0],
						"1.375": [0, 0, 0]
					},
					"position": {
						"1.0": [0, -4.5, -14],
						"1.25": [0, -4.5, 0],
						"1.375": [0, -4.5, 0],
						"1.4167": [0, 2, 0],
						"1.4583": [0, 0, 0]
					}
				},
				"head": {
					"rotation": {
						"0.2083": [0, 0, 0],
						"0.25": [0, -3.64944, 0],
						"0.3333": [0, -41.35056, 0],
						"0.375": [0, -45, 0],
						"0.4583": [0, -45, 0],
						"0.5": [0, -37.70112, 0],
						"0.5833": [0, 37.70112, 0],
						"0.625": [0, 45, 0],
						"0.7083": [0, 45, 0],
						"0.875": [0, 0, 0]
					},
					"position": {
						"0.0": [0, -4, 0],
						"0.0833": [0, 3.1, 0],
						"0.1667": [0, 2.33, 0],
						"0.2083": [0, 0, 0],
						"1.2917": [0, 0, 0],
						"1.4167": [0, 2, 0],
						"1.5": [0, 0, 0]
					},
					"scale": {
						"0.0417": [1, 1, 1],
						"0.0833": [0.94, 1.31, 0.9],
						"0.25": [1, 1, 1],
						"1.2917": [1, 1, 1],
						"1.4167": [0.88, 1.6, 0.93],
						"1.5": [1, 1, 1]
					}
				},
				"arm_right": {
					"rotation": {
						"1.0": [0, 0, 90],
						"1.4167": [0, 0, 90],
						"1.5833": [0, 0, 90],
						"1.625": [0, 0, 107.5],
						"1.75": [0, 0, 0],
						"1.8333": [26, 0, 0],
						"1.875": [0, 0, 0]
					},
					"position": {
						"1.0": [14, 0, 0],
						"1.125": [3.33, 0, 0],
						"1.375": [0, 0, 0],
						"1.4167": [0, 0, 0]
					},
					"scale": {
						"1.0": [1, 1, 1],
						"1.125": [0.725, 0.61, 0.725],
						"1.3333": [0.89, 1.18, 0.89],
						"1.375": [0.945, 1.34, 0.945],
						"1.4167": [1, 1, 1],
						"1.5833": [1, 1, 1],
						"1.7083": [1.63, 1, 0.75],
						"1.75": [1, 1, 1]
					}
				},
				"forearm_right": {
					"rotation": {
						"1.3333": [0, 0, 0],
						"1.4583": [-45, 0, 0]
					},
					"position": {
						"1.0": [0, 7, 0],
						"1.3333": [0, 7, 0],
						"1.375": [0, 0, 0]
					}
				},
				"weapon": {
					"scale": {
						"1.5417": [0, 0, 0],
						"1.7917": [1, 0.25, 1],
						"1.875": [1, 1.5, 1],
						"1.9583": [1, 1, 1]
					}
				},
				"arm_left": {
					"rotation": {
						"1.0": [0, 0, -90],
						"1.4167": [0, 0, -90],
						"1.5833": [0, 0, -90],
						"1.625": [0, 0, -106],
						"1.75": [0, 0, 0]
					},
					"position": {
						"1.0": [-14, 0, 0],
						"1.3333": [0.2, 0, 0],
						"1.4167": [0, 0, 0]
					},
					"scale": {
						"1.0": [1, 1, 1],
						"1.125": [0.725, 0.61, 0.725],
						"1.3333": [0.89, 1.18, 0.89],
						"1.4167": [1, 1, 1],
						"1.5833": [1, 1, 1],
						"1.7083": [1.63, 1, 0.75],
						"1.75": [1, 1, 1]
					}
				},
				"forearm_left": {
					"rotation": {
						"1.25": [0, 0, 0],
						"1.375": [-45, 0, 0],
						"1.5833": [-45, 0, 0],
						"1.625": [-44.31282, 8.80348, 8.90928],
						"1.7083": [-39.28696, -23.6459, -26.10902],
						"1.75": [-45, 0, 0]
					},
					"position": {
						"1.0": [0, 10, 0],
						"1.25": [0, 0, 0]
					}
				},
				"hand_left": {
					"position": {
						"1.0": [0, 4, 0],
						"1.0417": [0, 0, 0]
					},
					"scale": {
						"1.0": [1, 1, 1],
						"1.25": [1, 1, 1],
						"1.2917": [1, 1.5, 1],
						"1.3333": [1, 1, 1]
					}
				},
				"waist": {
					"position": {
						"0.0": [0, "Math.sin(query.anim_time*150)*2-4", "-Math.sin(query.anim_time*150-90)*1"],
						"1.2083": [0, "Math.sin(query.anim_time*150)*2-2.75", "-Math.sin(query.anim_time*150-90)*1"],
						"1.3333": [0, 0.75, 0],
						"1.5": [0, -4.13, -0.28],
						"1.625": [0, -0.47, -0.33],
						"1.7917": [0, "Math.sin(query.anim_time*150)*2-2.75", "-Math.sin(query.anim_time*150-90)*1"]
					},
					"scale": {
						"1.1667": [1, 1, 1],
						"1.2083": [1.1433, 1.03, 1.1967],
						"1.2917": [0.85, 1.23, 0.83],
						"1.375": [1.34, 0.83, 1.21],
						"1.4583": [1, 1, 1]
					}
				},
				"thigh_right": {
					"rotation": {
						"1.4583": [0, 0, 0],
						"1.9167": [0, 0, 0]
					},
					"position": {
						"1.0": [0, 11, 0],
						"1.4583": [0, 8, 0],
						"1.5": [0, 0, 0]
					}
				},
				"foot_right": {
					"rotation": {
						"1.2917": [0, 0, 0],
						"1.375": [30, 0, 0],
						"1.4583": [-27.5, 0, 0],
						"1.5417": [0, 0, 0],
						"1.6667": [25, 0, 0],
						"1.7917": [-2.5, 0, 0],
						"1.9167": [0, 0, 0]
					}
				},
				"thigh_left": {
					"rotation": [0, 0, 0],
					"position": {
						"1.0": [0, 11, 0],
						"1.4583": [0, 8, 0],
						"1.5": [0, 0, 0]
					}
				},
				"foot_left": {
					"rotation": {
						"1.2917": [0, 0, 0],
						"1.375": [30, 0, 0],
						"1.4583": [-27.5, 0, 0],
						"1.5417": [0, 0, 0],
						"1.6667": [25, 0, 0],
						"1.7917": [-2.5, 0, 0],
						"1.9167": [0, 0, 0]
					}
				},
				"thrusters": {
					"position": {
						"1.0": [0, 5, 0],
						"1.4583": [0, 5, 0],
						"1.5": [0, 0, 0]
					}
				},
				"hand_right": {
					"rotation": {
						"1.75": [0, 0, 0],
						"1.8333": [-15, 0, 0],
						"1.875": [7.5, 0, 0],
						"1.9167": [0, 0, 0]
					}
				},
				"leg_right": {
					"rotation": {
						"1.4583": [0, 0, 0],
						"1.625": [35, 0, 0],
						"1.75": [-17.5, 0, 0],
						"1.9167": [0, 0, 0]
					}
				},
				"leg_left": {
					"rotation": {
						"1.4583": [0, 0, 0],
						"1.625": [35, 0, 0],
						"1.75": [-17.5, 0, 0],
						"1.9167": [0, 0, 0]
					}
				}
			}
		},
		"animation.gm1_ord.badnik_eggrobo.deploy_old": {
			"loop": "hold_on_last_frame",
			"animation_length": 1.5,
			"start_delay": "math.random(0, 0.125)",
			"bones": {
				"body": {
					"position": {
						"0.0": [0, -7, 0],
						"1.0": [0, -7, 0],
						"1.25": [0, -8, 0],
						"1.2917": [0, 0, 0],
						"1.375": [0, -4, 0],
						"1.4167": [0, 0, 0]
					}
				},
				"boosters": {
					"rotation": {
						"1.0": [90, 0, 0],
						"1.25": [90, 0, 0],
						"1.375": [0, 0, 0]
					},
					"position": {
						"1.0": [0, -4.5, -14],
						"1.25": [0, -4.5, 0],
						"1.375": [0, -4.5, 0],
						"1.4167": [0, 2, 0],
						"1.4583": [0, 0, 0]
					}
				},
				"head": {
					"rotation": {
						"0.1667": [0, 0, 0],
						"0.3333": [0, -45, 0],
						"0.4167": [0, -45, 0],
						"0.5833": [0, 45, 0],
						"0.6667": [0, 45, 0],
						"0.8333": [0, 0, 0]
					},
					"position": {
						"0.0": [0, -4, 0],
						"0.0833": [0, 1, 0],
						"0.1667": [0, 0, 0]
					},
					"scale": {
						"0.0417": [1, 1, 1],
						"0.0833": [0.94, 1.31, 0.9],
						"0.2083": [1, 1, 1]
					}
				},
				"arm_right": {
					"rotation": {
						"1.0": [0, 0, 90],
						"1.4167": [0, 0, 90],
						"1.5": [0, 0, 0]
					},
					"position": {
						"1.0": [14, 0, 0],
						"1.375": [0, 0, 0],
						"1.4167": [0, 0, 0]
					}
				},
				"forearm_right": {
					"rotation": {
						"1.3333": [0, 0, 0],
						"1.4583": [-45, 0, 0]
					},
					"position": {
						"1.0": [0, 7, 0],
						"1.3333": [0, 7, 0],
						"1.375": [0, 0, 0]
					}
				},
				"weapon": {
					"scale": {
						"1.0": [0, 0, 0],
						"1.25": [1, 0.25, 1],
						"1.2917": [1, 1.5, 1],
						"1.3333": [1, 1, 1]
					}
				},
				"arm_left": {
					"rotation": {
						"1.0": [0, 0, -90],
						"1.4167": [0, 0, -90],
						"1.5": [0, 0, 0]
					},
					"position": {
						"1.0": [-14, 0, 0],
						"1.375": [2, 0, 0],
						"1.4167": [0, 0, 0]
					}
				},
				"forearm_left": {
					"rotation": {
						"1.25": [0, 0, 0],
						"1.375": [-45, 0, 0]
					},
					"position": {
						"1.0": [0, 10, 0],
						"1.25": [0, 0, 0]
					}
				},
				"hand_left": {
					"position": {
						"1.0": [0, 4, 0],
						"1.0417": [0, 0, 0]
					},
					"scale": {
						"1.0": [1, 1, 1],
						"1.25": [1, 1, 1],
						"1.2917": [1, 1.5, 1],
						"1.3333": [1, 1, 1]
					}
				},