{
	"format_version": "1.8.0",
	"animations": {
		"animation.gm1_ord.eggmobile.swoop_charge": {
			"loop": "hold_on_last_frame",
			"animation_length": 1.5,
			"bones": {
				"eggmobile": {
					"rotation": {
						"0.0": [0, 0, 0],
						"0.125": [-9.10238, 0.12163, -0.24326],
						"0.6667": ["10+math.sin(q.anim_time * 3000+40) * 2", "math.cos(q.anim_time * 2000) * -1", "math.cos(q.anim_time * 2000) * 3"],
						"1.0": [15, 0, 0]
					},
					"position": {
						"0.0": {
							"post": [0, 0, 0],
							"lerp_mode": "catmullrom"
						},
						"0.3333": {
							"post": [0, -3.78, 16.44],
							"lerp_mode": "catmullrom"
						},
						"0.5833": {
							"post": [0, 0.93, 29.66],
							"lerp_mode": "catmullrom"
						},
						"0.875": {
							"post": [0, 39.75, 54.25],
							"lerp_mode": "catmullrom"
						},
						"1.0": [0, 39.75, 54.25],
						"1.0417": [0, 34.75, 54.25],
						"1.125": [0, 37.25, 54.25],
						"1.3333": [0, 46.95, 57.85]
					}
				},
				"eggman": {
					"rotation": {
						"0.0": [0, 0, 0],
						"1.0833": [17.5, 0, 0]
					}
				},
				"skull": {
					"rotation": {
						"0.0": [0, 0, 0],
						"1.2083": [-27.5, 0, 0]
					},
					"position": {
						"0.0": [0, 0, 0],
						"1.2083": [0, 0, -2]
					}
				},
				"exaust_right": {
					"rotation": {
						"0.0": [0, 0, 0],
						"1.0": ["math.sin(q.anim_time * 3000) * 3", 0, "-(math.cos(q.anim_time * 2000) * 3)"],
						"1.0417": [0, 0, 0]
					},
					"scale": {
						"0.0": [1, 1, 1],
						"0.1667": [1.0075, 1.0075, 1.0075],
						"0.3333": [1.02, 1.02, 1.02],
						"0.5": [1.045, 1.045, 1.045],
						"0.6667": [1.08, 1.08, 1.08],
						"0.8333": [1.13, 1.13, 1.13],
						"0.9167": [1.2, 1.8, 1.58],
						"1.0": [1.4967, 0.8767, 0.7333],
						"1.0833": [1, 1, 1]
					}
				},
				"exaust_left": {
					"rotation": {
						"0.0": [0, 0, 0],
						"1.0": ["math.sin(q.anim_time * 3000) * 3", 0, "math.cos(q.anim_time * 2000) * 3"],
						"1.0417": [0, 0, 0]
					},
					"scale": {
						"0.0": [1, 1, 1],
						"0.1667": [1.0075, 1.0075, 1.0075],
						"0.3333": [1.02, 1.02, 1.02],
						"0.5": [1.045, 1.045, 1.045],
						"0.6667": [1.08, 1.08, 1.08],
						"0.8333": [1.13, 1.13, 1.13],
						"0.9167": [1.2, 1.8, 1.58],
						"1.0": [1.4967, 0.8767, 0.7333],
						"1.0833": [1, 1, 1]
					}
				},
				"spike_sl": {
					"rotation": [0, 0, 0]
				}
			}
		},
		"animation.gm1_ord.eggmobile.swoop_attack": {
			"loop": "hold_on_last_frame",
			"animation_length": 1,
			"bones": {
				"eggmobile": {
					"rotation": {
						"0.0": [15, 0, 0],
						"0.0833": [45, 0, 0],
						"0.4583": [15, 0, 0],
						"0.625": [0, 0, 0]
					},
					"position": {
						"0.0": [0, 46.95, 57.85],
						"0.0833": {
							"pre": [0, 59.49, 145.36],
							"post": [0, 59.49, 145.36],
							"lerp_mode": "catmullrom"
						},
						"0.2083": {
							"post": [0, 12.33, 130.29],
							"lerp_mode": "catmullrom"
						},
						"0.4583": {
							"post": [0, -0.41, -28.82],
							"lerp_mode": "catmullrom"
						},
						"0.7083": {
							"post": [0, 16.8, -2.91],
							"lerp_mode": "catmullrom"
						},
						"1.0": [0, 0, 7]
					},
					"scale": {
						"0.0": [1, 1, 1],
						"0.125": [0.99, 0.92, 1.21],
						"0.2917": [0.995, 0.96, 1.595],
						"0.5": [1, 1, 1]
					}
				},
				"eggman": {
					"rotation": {
						"0.0": [17.5, 0, 0],
						"0.1667": [32.5, 0, 0],
						"0.4167": {
							"pre": [-19, 0, 0],
							"post": [-19, 0, 0],
							"lerp_mode": "catmullrom"
						},
						"0.5417": {
							"post": [-19, 0, 0],
							"lerp_mode": "catmullrom"
						},
						"0.625": {
							"post": [0, 0, 0],
							"lerp_mode": "catmullrom"
						},
						"0.7917": [0, 0, 0]
					},
					"position": {
						"0.1667": [0, 0, 0],
						"0.4167": {
							"pre": [0, 5.7, 0],
							"post": [0, 5.7, 0],
							"lerp_mode": "catmullrom"
						},
						"0.5417": {
							"post": [0, 5.7, 0],
							"lerp_mode": "catmullrom"
						},
						"0.625": {
							"post": [0, 0, 0],
							"lerp_mode": "catmullrom"
						},
						"0.7917": [0, 0, 0]
					}
				},
				"skull": {
					"rotation": {
						"0.0": [-27.5, 0, 0],
						"0.1667": [-12.5, 0, 0],
						"0.4167": {
							"pre": [35, 0, 0],
							"post": [35, 0, 0],
							"lerp_mode": "catmullrom"
						},
						"0.5417": {
							"post": [5, 0, 0],
							"lerp_mode": "catmullrom"
						},
						"0.625": {
							"post": [-20, 0, 0],
							"lerp_mode": "catmullrom"
						},
						"0.7917": [0, 0, 0]
					},
					"position": {
						"0.0": [0, 0, -2],
						"0.4167": {
							"pre": [0, 0, -2],
							"post": [0, 0, -2],
							"lerp_mode": "catmullrom"
						},
						"0.5417": {
							"post": [0, -2.2, -4.8],
							"lerp_mode": "catmullrom"
						},
						"0.625": {
							"post": [0, 0, 0],
							"lerp_mode": "catmullrom"
						},
						"0.7917": [0, 0, 0]
					}
				},
				"arm_right": {
					"rotation": {
						"0.0": [53.91924, 5.13318, 27.68896],
						"0.1667": [53.92, 5.13, 27.69],
						"0.4167": [25, 0, 0],
						"0.5417": [25, 0, 0],
						"0.625": [0, 0, 0]
					},
					"position": {
						"0.0": [0, 1.5, 0.7],
						"0.1667": [0, 1.5, 0.7],
						"0.4167": [0, -1.5, -3],
						"0.5417": [0, -1.5, -3],
						"0.625": [0, 0, 0]
					}
				},
				"forearm_right": {
					"rotation": {
						"0.0": [-95.12076, -12.45167, 1.10693],
						"0.1667": [-95.12, -12.45, 1.11],
						"0.4167": [0, 0, 0]
					},
					"position": {
						"0.0": [0, -4.9, 3.5],
						"0.1667": [0, -4.9, 3.5],
						"0.4167": [0, 0, 0]
					}
				},
				"arm_left": {
					"rotation": {
						"0.0": [53.91924, -5.13318, -27.68896],
						"0.1667": [53.92, -5.13, -27.69],
						"0.4167": [25, 0, 0],
						"0.5417": [25, 0, 0],
						"0.625": [0, 0, 0]
					},
					"position": {
						"0.0": [0, 1.5, 0.7],
						"0.1667": [0, 1.5, 0.7],
						"0.4167": [0, -1.5, -3],
						"0.5417": [0, -1.5, -3],
						"0.625": [0, 0, 0]
					}
				},
				"forearm_left": {
					"rotation": {
						"0.0": [-95.12076, 12.45167, -1.10693],
						"0.1667": [-95.12, 12.45, -1.11],
						"0.4167": [0, 0, 0]
					}
				},
				"thigh_left": {
					"rotation": {
						"0.1667": [0, 0, 0],
						"0.4167": [42.5, 0, 0]
					}
				},
				"thigh_right": {
					"rotation": {
						"0.1667": [0, 0, 0],
						"0.4167": [50, 0, 0]
					}
				},
				"exaust_right": {
					"rotation": [0, 0, 0],
					"scale": {
						"0.0": [1, 1, 1],
						"0.0833": [1.2, 2.03, 1.84],
						"0.1667": [2.0967, 0.8767, 0.7333],
						"0.25": [1, 1, 1]
					}
				},
				"exaust_left": {
					"rotation": [0, 0, 0],
					"scale": {
						"0.0": [1, 1, 1],
						"0.0833": [1.2, 2.03, 1.84],
						"0.1667": [2.0967, 0.8767, 0.7333],
						"0.25": [1, 1, 1]
					}
				},
				"spike_sl": {
					"rotation": [0, 0, 0]
				}
			}
		}
	}
}