{
    "format_version": "1.8.0",
    "animations": {
        "animation.gm1_ord.eggmobile.hit": {
            "animation_length": 1,
            "bones": {
                "eggman": {
                    "position": {
                        "0.0": [ 0, 0, 0 ],
                        "0.125": [ 0, 16.5, 0 ],
                        "0.2083": [ 0, 21.93, 0 ],
                        "0.375": [ 0, 13, 0 ],
                        "0.4167": [ 0, 3.62, 0 ],
                        "0.5417": [ 0, 0, 0 ]
                    },
                    "scale": {
                        "0.0": [ 1, 1, 1 ],
                        "0.0417": [ 1.58, 0.85, 1.005 ],
                        "0.125": [ 0.92, 1.36, 0.81 ],
                        "0.2083": [ 1, 1, 1 ],
                        "0.375": [ 1, 1, 1 ],
                        "0.4167": [ 0.92, 1.36, 0.81 ],
                        "0.5417": [ 1.15, 0.8, 1.22 ],
                        "0.5833": [ 1, 1, 1 ]
                    }
                },
                "skull": {
                    "rotation": {
                        "0.0": [ 0, 0, 0 ],
                        "0.0417": [ -38.74, 0, 0 ],
                        "0.0833": [ 37.5, 0, 0 ],
                        "0.2083": [ -5, 0, 0 ],
                        "0.2917": [ 0, 0, 0 ],
                        "0.5417": [ -37.5, 0, 0 ],
                        "0.5833": [ -32.5, 0, 0 ],
                        "0.875": [ -32.5, 0, 0 ],
                        "1.0": [ 0, 0, 0 ]
                    }
                },
                "glasses": {
                    "rotation": {
                        "0.0": [ 0, 0, 0 ],
                        "0.0417": [ 12.5, 0, 0 ],
                        "0.25": [ -27.5, 0, 0 ],
                        "0.4167": [ -57.5, 0, 0 ],
                        "0.4583": [ -52.5, 0, 0 ],
                        "0.5417": [ 12.5, 0, 0 ],
                        "0.5833": [ 0, 0, 0 ]
                    },
                    "scale": {
                        "0.0": [ 1, 1, 1 ],
                        "0.0417": [ 1, 1, 1.79 ],
                        "0.125": [ 1, 1, 1 ],
                        "0.4167": [ 1, 1, 1.48 ],
                        "0.5417": [ 1, 1, 1 ]
                    }
                },
                "mustache_right": {
                    "rotation": {
                        "0.0": [ 0, 0, 0 ],
                        "0.0833": [ -11.77314, -30.9368, -53.96478 ],
                        "0.3333": [ -25.9779, 6.67673, 33.11268 ],
                        "0.4583": [ -25.9779, 6.67673, 33.11268 ],
                        "0.5833": [ -22.50315, -22.65206, -25.64641 ],
                        "0.6667": [ 0, 0, 0 ]
                    },
                    "position": { "0.0": [ 0, 0, 0 ], "0.0833": [ -1.9, 0, -2.8 ], "0.3333": [ 0, 0, 0 ]},
                    "scale": { "0.0": [ 1, 1, 1 ], "0.0833": [ 1.4, 1, 1 ], "0.2083": [ 1, 1, 1 ]}
                },
                "mustache_left": {
                    "rotation": {
                        "0.0": [ 0, 0, 0 ],
                        "0.0833": [ -11.77314, 30.9368, 53.96478 ],
                        "0.3333": [ -25.9779, -6.67673, -33.11268 ],
                        "0.4583": [ -25.9779, -6.67673, -33.11268 ],
                        "0.5833": [ -22.50315, 22.65206, 25.64641 ],
                        "0.6667": [ 0, 0, 0 ]
                    },
                    "position": { "0.0": [ 0, 0, 0 ], "0.0833": [ 1.9, 0, -2.8 ], "0.3333": [ 0, 0, 0 ]},
                    "scale": { "0.0": [ 1, 1, 1 ], "0.0833": [ 1.4, 1, 1 ], "0.2083": [ 1, 1, 1 ]}
                },
                "arm_right": {
                    "rotation": {
                        "0.0": [ 0, 0, 0 ],
                        "0.0833": [ 27.58528, 12.58735, 15.75852 ],
                        "0.3333": [ -72.60395, 79.18877, 17.29973 ],
                        "0.4583": [ -72.60395, 79.18877, 17.29973 ],
                        "0.625": [ 3.69802, 39.59438, 8.64986 ],
                        "0.7083": [ 0, 0, 0 ]
                    }
                },
                "forearm_right": {
                    "rotation": {
                        "0.0": [ 0, 0, 0 ],
                        "0.0833": [ 0, 0, -25 ],
                        "0.1667": [ 27.5, 0, 0 ],
                        "0.375": [ -25, 0, 0 ],
                        "0.4583": [ -25, 0, 0 ],
                        "0.625": [ -117.5, 0, 0 ],
                        "0.7083": [ 0, 0, 0 ]
                    }
                },
                "arm_left": {
                    "rotation": {
                        "0.0": [ 0, 0, 0 ],
                        "0.0833": [ 27.58528, -12.58735, -15.75852 ],
                        "0.3333": [ -72.60395, -79.18877, -17.29973 ],
                        "0.4583": [ -72.60395, -79.18877, -17.29973 ],
                        "0.625": [ 3.69802, -39.59438, -8.64986 ],
                        "0.7083": [ 0, 0, 0 ]
                    }
                },
                "forearm_left": {
                    "rotation": {
                        "0.0": [ 0, 0, 0 ],
                        "0.0833": [ 0, 0, 25 ],
                        "0.1667": [ 27.5, 0, 0 ],
                        "0.375": [ -25, 0, 0 ],
                        "0.4583": [ -25, 0, 0 ],
                        "0.625": [ -117.5, 0, 0 ],
                        "0.7083": [ 0, 0, 0 ]
                    }
                },
                "thigh_left": { "rotation": { "0.0": [ 0, 0, 0 ], "0.125": [ 60, 0, 0 ], "0.3333": [ 0, 0, 0 ]}},
                "thigh_right": { "rotation": { "0.0": [ 0, 0, 0 ], "0.125": [ 50, 0, 0 ], "0.3333": [ 0, 0, 0 ]}},
                "eggmobile": {
                    "rotation": {
                        "0.0": [ 0, 0, 0 ],
                        "0.2917": [ "math.sin(query.anim_time * 560) *-13", 0, "math.sin(query.anim_time * 520+40) *10" ],
                        "0.7083": [ 0, 0, 0 ]
                    },
                    "position": { "0.0": [ 0, 0, 0 ], "0.0833": [ 0, -10.9, 0 ], "0.25": [ 0, 0, 0 ]}
                }
            }
        }
    }
}