{
	"format_version": "1.8.0",
	"animations": {
		"animation.gm1_ord.eggmobile.intro": {
			"loop": "hold_on_last_frame",
			"animation_length": 10,
			"bones": {
				"eggman": {
					"rotation": {
						"3.25": [0, 0, 0],
						"4.6667": [0, 0, 0],
						"4.875": [16, 0, 0],
						"5.0": [11, 0, 0],
						"5.2083": [13.14, 0, 0],
						"5.4167": [17.14, 0, 0],
						"5.5417": [-14, 0, 0],
						"6.9583": [-14, 0, 0],
						"7.2917": [1.22071, -34.99389, -0.70014],
						"7.4583": [1.18564, 32.49444, 0.63701],
						"8.0": [1.19, 32.49, 0.64],
						"8.7083": [1.19, 32.49, 0.64],
						"8.9583": [0, 0, 0]
					},
					"position": {
						"3.25": [0, 0, 0],
						"4.6667": [0, 0, 0],
						"4.7917": [0, 43.6, 0],
						"5.0": [0, 38.32, 0],
						"5.0833": [0, 29.9, 0],
						"5.2083": [0, 13, 0],
						"5.4167": [0, 18, 0],
						"6.9583": [0, 18, 0],
						"8.7083": [0, 18, 0],
						"8.7917": [0, 15.33, 0],
						"8.9167": [0, 50, 0],
						"9.0417": [0, 32.64, 0],
						"9.125": [0, -0.6, 0],
						"9.2083": [0, 0, 0]
					},
					"scale": {
						"3.375": ["1+math.cos(q.anim_time*1600+40)*-0.025", "1+math.cos(q.anim_time*1600+40)*-0.025", "1+math.cos(q.anim_time*1600+40)*-0.025"],
						"4.6667": ["1+math.cos(q.anim_time*1600+40)*-0.025", "1+math.cos(q.anim_time*1600+40)*-0.025", "1+math.cos(q.anim_time*1600+40)*-0.025"],
						"4.7917": [0.94, 1.36, 0.91],
						"4.875": [1, 1, 1],
						"5.0": [1, 1, 1],
						"5.0833": [0.91, 1.22, 1],
						"5.2083": [1.3686, 0.8986, 1.0686],
						"5.25": [1, 1, 1],
						"5.3333": ["1+math.cos(q.anim_time*1600+40)*-0.025", "1+math.cos(q.anim_time*1600+40)*-0.025", "1+math.cos(q.anim_time*1600+40)*-0.025"],
						"6.9583": ["1+math.cos(q.anim_time*1600+40)*-0.025", "1+math.cos(q.anim_time*1600+40)*-0.025", "1+math.cos(q.anim_time*1600+40)*-0.025"],
						"7.125": [1, 1, 1],
						"8.7083": [1, 1, 1],
						"8.7917": [1.16, 0.83, 1],
						"8.9167": [0.93, 1.37, 0.92],
						"9.0417": [1, 1, 1],
						"9.125": [1.18, 0.86, 1.18],
						"9.2083": [1, 1, 1]
					}
				},
				"skull": {
					"rotation": {
						"3.25": [0, 0, 0],
						"3.375": ["-32.5+math.cos(q.anim_time*1600+40)*10", 0, 0],
						"4.5417": ["-32.5+math.cos(q.anim_time*1600+40)*10", 0, 0],
						"4.6667": [30, 0, 0],
						"4.875": [-25, 0, 0],
						"5.0": [17.5, 0, 0],
						"5.2083": [17.5, 0, 0],
						"5.4583": ["-15+math.cos(q.anim_time*1600+40)*10", 0, 0],
						"6.9583": ["-15+math.cos(q.anim_time*1600+40)*10", 0, 0],
						"7.125": [-15, 0, 0],
						"7.2917": [0, 20, 0],
						"7.4583": [0, -32.5, 0],
						"8.7083": [12.29236, -31.26452, -8.1165],
						"8.875": [0, 0, 0],
						"9.0833": [22.5, 0, 0],
						"9.4167": [0, 0, 0]
					},
					"position": {
						"3.375": [0, "math.sin(q.anim_time*1200)*-0.3", 0],
						"4.5417": [0, "math.sin(q.anim_time*1200)*-0.3", 0],
						"5.4583": [0, "math.sin(q.anim_time*1200)*-0.3", 0],
						"6.9583": [0, "math.sin(q.anim_time*1200)*-0.3", 0],
						"7.4583": [0, 0, 0]
					}
				},
				"arm_right": {
					"rotation": {
						"3.25": [57.5, 0, 0],
						"4.6667": [57.5, 0, 0],
						"4.75": [60.12018, 1.80034, 23.13514],
						"5.1667": {
							"pre": [135.33768, -30.8907, 64.73934],
							"post": [135.33768, -30.8907, 64.73934],
							"lerp_mode": "catmullrom"
						},
						"5.3333": {
							"post": [51.39419, 6.93605, 29.82294],
							"lerp_mode": "catmullrom"
						},
						"5.5417": {
							"post": [51.39419, 6.93605, 29.82294],
							"lerp_mode": "catmullrom"
						},
						"5.7917": {
							"post": [162.71407, 79.49358, 146.75308],
							"lerp_mode": "catmullrom"
						},
						"5.9167": {
							"post": [149.07768, 79.49358, 146.75308],
							"lerp_mode": "catmullrom"
						},
						"6.9583": [150.21407, 79.49358, 146.75308],
						"7.2917": {
							"pre": [92.31484, 9.88589, 73.47439],
							"post": [92.31484, 9.88589, 73.47439],
							"lerp_mode": "catmullrom"
						},
						"8.0417": {
							"post": [90.68779, 4.5785, 85.45647],
							"lerp_mode": "catmullrom"
						},
						"8.7083": {
							"post": [92.31484, 9.88589, 73.47439],
							"lerp_mode": "catmullrom"
						},
						"8.9167": [-49.02381, 17.85611, -9.09801],
						"9.2917": [0, 0, 0]
					},
					"position": {
						"3.25": [0, "0.5+math.cos(q.anim_time*1600+40)*2", -1.7],
						"4.6667": [0, "0.5+math.cos(q.anim_time*1600+40)*2", -1.7],
						"4.75": [0, -1.95, -1.66],
						"5.1667": [0, -1.74, 5.22],
						"5.3333": [0, 0, 0],
						"6.9583": [-0.6, 0.52, -0.35],
						"7.2917": [-2.8, -0.9, 0],
						"8.7083": [-2.8, -0.9, 0],
						"8.9167": [0, 0, 0],
						"9.2917": [0, 0, 0]
					}
				},
				"forearm_right": {
					"rotation": {
						"3.25": ["-85+math.cos(q.anim_time*1600+40)*8", 0, 0],
						"4.6667": ["-85+math.cos(q.anim_time*1600+40)*8", 0, 0],
						"4.75": [-18.33251, -2.3712, -7.11733],
						"5.0": {
							"pre": [-7.00998, -1.8525, -5.56041],
							"post": [-7.00998, -1.8525, -5.56041],
							"lerp_mode": "catmullrom"
						},
						"5.1667": {
							"post": [-46.06532, -1.482, -4.44833],
							"lerp_mode": "catmullrom"
						},
						"5.4167": {
							"post": [-46.06532, -1.482, -4.44833],
							"lerp_mode": "catmullrom"
						},
						"5.5417": {
							"post": [-90.7937, -22.86856, -0.80835],
							"lerp_mode": "catmullrom"
						},
						"5.7917": {
							"post": [-45.62, 0, 0],
							"lerp_mode": "catmullrom"
						},
						"6.9583": [-75, 0, 0],
						"7.2917": [-102.5, 0, 0],
						"7.5417": {
							"pre": [-29.65, 0, 0],
							"post": [-29.65, 0, 0],
							"lerp_mode": "catmullrom"
						},
						"8.0417": {
							"post": [-23.65, 0, 0],
							"lerp_mode": "catmullrom"
						},
						"8.7083": {
							"post": [-29.65, 0, 0],
							"lerp_mode": "catmullrom"
						},
						"8.9167": [-40, 0, 0],
						"9.1667": [-57.5, 0, 0],
						"9.4167": [0, 0, 0]
					}
				},
				"arm_left": {
					"rotation": {
						"3.25": [57.5, 0, 0],
						"4.6667": [57.5, 0, 0],
						"4.75": [60.12018, -1.80034, -23.13514],
						"5.1667": {
							"pre": [135.33768, 30.8907, -64.73934],
							"post": [135.33768, 30.8907, -64.73934],
							"lerp_mode": "catmullrom"
						},
						"5.3333": {
							"post": [51.39419, -6.93605, -29.82294],
							"lerp_mode": "catmullrom"
						},
						"5.5417": {
							"post": [51.39419, -6.93605, -29.82294],
							"lerp_mode": "catmullrom"
						},
						"5.7917": {
							"post": [162.71407, -79.49358, -146.75308],
							"lerp_mode": "catmullrom"
						},
						"5.9167": {
							"post": [149.07768, -79.49358, -146.75308],
							"lerp_mode": "catmullrom"
						},
						"6.9583": [150.21407, -79.49358, -146.75308],
						"7.2917": [113.35942, -5.45408, -80.63947],
						"7.4583": [18.67802, -20.88595, -85.97715],
						"8.0": ["18.68+math.cos(q.anim_time*1600)*3", "-20.89+math.cos(q.anim_time*1600)*2 ", -85.98],
						"8.7083": [18.68, -20.89, -85.98],
						"8.8333": [95.9493, 10.1247, -95.82639],
						"8.9583": [-74.78672, -13.29222, 8.94649],
						"9.2917": [0, 0, 0]
					},
					"position": {
						"3.25": [0, "0.5+math.cos(q.anim_time*1600+40)*2", -1.7],
						"4.6667": [0, "0.5+math.cos(q.anim_time*1600+40)*2", -1.7],
						"4.75": [0, -1.95, -1.66],
						"5.1667": {
							"pre": [0, -1.74, 5.22],
							"post": [0, -1.74, 5.22],
							"lerp_mode": "catmullrom"
						},
						"5.3333": {
							"post": [0, 0, 0],
							"lerp_mode": "catmullrom"
						},
						"8.0": [0, 0, 0],
						"9.2917": [0, 0, 0]
					}
				},
				"forearm_left": {
					"rotation": {
						"3.25": ["-85+math.cos(q.anim_time*1600+40)*8", 0, 0],
						"4.6667": ["-85+math.cos(q.anim_time*1600+40)*8", 0, 0],
						"4.75": [-18.33251, 2.3712, 7.11733],
						"5.0": {
							"pre": [-7.00998, 1.8525, 5.56041],
							"post": [-7.00998, 1.8525, 5.56041],
							"lerp_mode": "catmullrom"
						},
						"5.1667": {
							"post": [-46.06532, 1.482, 4.44833],
							"lerp_mode": "catmullrom"
						},
						"5.4167": {
							"post": [-46.06532, 1.482, 4.44833],