{
    "format_version": "1.8.0",
    "animations": {
        "animation.gm1_ord.eggmobile.stun_loop": {
            "animation_length": 18.9583,
            "bones": {
                "eggman": {
                    "rotation": {
                        "0.0": [ 0, 0, 0 ],
                        "0.7917": [ 0, 0, 0 ],
                        "0.9583": [ 7.5, 0, 0 ],
                        "1.1667": [ 7.5, 0, 0 ],
                        "1.375": [ 7.5, 0, "math.sin(q.anim_time*200)*10" ]
                    },
                    "position": {
                        "0.0": [ 0, 0, 0 ],
                        "0.125": [ 0, 16.5, 0 ],
                        "0.375": [ 0, 13, 0 ],
                        "0.4167": [ 0, 3.62, 0 ],
                        "0.5417": [ 0, 0, 0 ]
                    },
                    "scale": {
                        "0.0": [ 1, 1, 1 ],
                        "0.0417": [ 0.92, 1.36, 0.81 ],
                        "0.1667": [ 1, 1, 1 ],
                        "0.375": [ 1, 1, 1 ],
                        "0.4167": [ 0.92, 1.36, 0.81 ],
                        "0.5417": [ 1.15, 0.8, 1.22 ],
                        "0.5833": [ 1, 1, 1 ]
                    }
                },
                "skull": {
                    "rotation": {
                        "0.0": [ 0, 0, 0 ],
                        "0.0833": [ 37.5, 0, 0 ],
                        "0.2083": [ -5, 0, 0 ],
                        "0.2917": [ 0, 0, 0 ],
                        "0.5833": [ 20, 0, 0 ],
                        "0.7917": [ 47.5, 0, 0 ],
                        "0.9583": [ 47.5, 0, 0 ],
                        "1.375": [ "-27.5+math.cos(q.anim_time*200)*-20", 0, "math.sin(q.anim_time*200)*30" ]
                    }
                },
                "glasses": {
                    "rotation": {
                        "0.0": [ 0, 0, 0 ],
                        "0.0417": [ 12.5, 0, 0 ],
                        "0.25": [ -27.5, 0, 0 ],
                        "0.4167": [ -57.5, 0, 0 ],
                        "0.4583": [ -52.5, 0, 0 ],
                        "0.5417": [ 20, 0, 0 ],
                        "0.7083": [ -49.32185, -9.54385, -8.11019 ]
                    },
                    "position": [ 0, 0, 0 ],
                    "scale": {
                        "0.0": [ 1, 1, 1 ],
                        "0.0417": [ 1, 1, 1.79 ],
                        "0.125": [ 1, 1, 1 ],
                        "0.4167": [ 1, 1, 1.48 ],
                        "0.5417": [ 1, 1, 1 ]
                    }
                },
                "mustache_right": {
                    "rotation": {
                        "0.0": [ 0, 0, 0 ],
                        "0.0833": [ -11.77314, -30.9368, -53.96478 ],
                        "0.3333": [ -25.9779, 6.67673, 33.11268 ],
                        "0.4583": [ -25.9779, 6.67673, 33.11268 ],
                        "0.5833": [ -22.50315, -22.65206, -25.64641 ],
                        "0.6667": [ 0, 0, 0 ],
                        "0.9583": [ 0, 0, 0 ],
                        "1.375": [ 0, 0, -27.5 ]
                    },
                    "position": { "0.0": [ 0, 0, 0 ], "0.0833": [ -1.9, 0, -2.8 ], "0.3333": [ 0, 0, 0 ]},
                    "scale": { "0.0": [ 1, 1, 1 ], "0.0833": [ 1.4, 1, 1 ], "0.2083": [ 1, 1, 1 ]}
                },
                "mustache_left": {
                    "rotation": {
                        "0.0": [ 0, 0, 0 ],
                        "0.0833": [ -11.77314, 30.9368, 53.96478 ],
                        "0.3333": [ -25.9779, -6.67673, -33.11268 ],
                        "0.4583": [ -25.9779, -6.67673, -33.11268 ],
                        "0.5833": [ -22.50315, 22.65206, 25.64641 ],
                        "0.6667": [ 0, 0, 0 ],
                        "0.9583": [ 0, 0, 0 ],
                        "1.375": [ 0, 0, 27.5 ]
                    },
                    "position": { "0.0": [ 0, 0, 0 ], "0.0833": [ 1.9, 0, -2.8 ], "0.3333": [ 0, 0, 0 ]},
                    "scale": { "0.0": [ 1, 1, 1 ], "0.0833": [ 1.4, 1, 1 ], "0.2083": [ 1, 1, 1 ]}
                },
                "arm_right": {
                    "rotation": {
                        "0.0": [ 0, 0, 0 ],
                        "0.0833": [ 27.58528, 12.58735, 15.75852 ],
                        "0.3333": [ -72.60395, 79.18877, 17.29973 ],
                        "0.4583": [ -72.60395, 79.18877, 17.29973 ],
                        "0.625": [ 3.69802, 39.59438, 8.64986 ],
                        "0.7083": [ 70, 0, 0 ]
                    },
                    "position": { "0.0": [ 0, 0, 0 ], "0.8333": [ 0, -2, -2 ]}
                },
                "forearm_right": {
                    "rotation": {
                        "0.0": [ 0, 0, 0 ],
                        "0.0833": [ 0, 0, -25 ],
                        "0.1667": [ 27.5, 0, 0 ],
                        "0.375": [ -25, 0, 0 ],
                        "0.4583": [ -25, 0, 0 ],
                        "0.625": [ -117.5, 0, 0 ],
                        "0.7083": [ 0, 0, 0 ],
                        "0.8333": [ -30, 0, 0 ]
                    }
                },
                "arm_left": {
                    "rotation": {
                        "0.0": [ 0, 0, 0 ],
                        "0.0833": [ 27.58528, -12.58735, -15.75852 ],
                        "0.3333": [ -72.60395, -79.18877, -17.29973 ],
                        "0.4583": [ -72.60395, -79.18877, -17.29973 ],
                        "0.625": [ 3.69802, -39.59438, -8.64986 ],
                        "0.7083": [ 69.91476, -14.98637, -0.64686 ]
                    },
                    "position": {
                        "0.0833": [ 0, 0, 0 ],
                        "0.4583": [ 0, 3, 0 ],
                        "0.5417": [ 0, -4, 0 ],
                        "0.6667": [ 0, 0, 0 ],
                        "0.7917": [ 0, -2, 0 ]
                    }
                },
                "forearm_left": {
                    "rotation": {
                        "0.0": [ 0, 0, 0 ],
                        "0.0833": [ 0, 0, 25 ],
                        "0.1667": [ 27.5, 0, 0 ],
                        "0.375": [ -25, 0, 0 ],
                        "0.4583": [ -25, 0, 0 ],
                        "0.625": [ -117.5, 0, 0 ],
                        "0.7083": [ -27.5, 0, 0 ]
                    }
                },
                "thigh_left": { "rotation": { "0.0": [ 0, 0, 0 ], "0.125": [ 60, 0, 0 ], "0.3333": [ 0, 0, 0 ]}},
                "thigh_right": { "rotation": { "0.0": [ 0, 0, 0 ], "0.125": [ 50, 0, 0 ], "0.3333": [ 0, 0, 0 ]}},
                "eggmobile": {
                    "rotation": {
                        "0.4167": [ 0, 0, 0 ],
                        "0.625": [ "math.cos(q.anim_time*400+40)*5", 0, "math.cos(q.anim_time*400)*10" ],
                        "3.0417": [ 0, 0, 0 ]
                    },
                    "position": { "0.4167": [ 0, 0, 0 ], "0.5417": [ 0, -7.9, 0 ], "0.625": [ 0, 0, 0 ]}
                }
            }
        },
        "animation.gm1_ord.eggmobile.stun_exit": {
            "loop": "hold_on_last_frame",
            "animation_length": 3.5417,
            "bones": {
                "eggman": {
                    "rotation": {
                        "0.1667": { "pre": [ 7.5, 0, 0 ], "post": [ 7.5, 0, 0 ], "lerp_mode": "catmullrom" },
                        "0.5417": { "post": [ 7.5, 0, 0 ], "lerp_mode": "catmullrom" },
                        "0.875": { "post": [ 13.5, 0, 0 ], "lerp_mode": "catmullrom" },
                        "2.375": { "post": [ 13.5, 0, 0 ], "lerp_mode": "catmullrom" },
                        "2.5": [ 0, 0, 0 ]
                    },
                    "position": {
                        "2.4167": { "pre": [ 0, 0, 0 ], "post": [ 0, 0, 0 ], "lerp_mode": "catmullrom" },
                        "2.5": { "post": [ 0, 2.1, 0 ], "lerp_mode": "catmullrom" },