{
    "format_version": "1.8.0",
    "animations": {
        "animation.gm1_sky.wave_left": {
            "animation_length": 1.125,
            "bones": {
                "leftArm": {
                    "rotation": {
                        "0.0": [ 0, 0, 0 ],
                        "0.1667": [ -145.9276, -8.53726, 12.37961 ],
                        "0.3333": [ -151.79133, -21.63471, 34.50269 ],
                        "0.5417": [ -145.9276, -8.53726, 12.37961 ],
                        "0.75": [ -151.79133, -21.63471, 34.50269 ],
                        "0.9583": [ -145.9276, -8.53726, 12.37961 ],
                        "1.125": [ 0, 0, 0 ]
                    }
                },
                "waist": {
                    "rotation": {
                        "0.0": [ 0, 0, 0 ],
                        "0.125": [ 0, 0, -15 ],
                        "0.2917": [ 0, 0, -5 ],
                        "0.5": [ 0, 0, -10 ],
                        "0.7083": [ 0, 0, -5 ],
                        "0.9167": [ 0, 0, -10 ],
                        "1.125": [ 0, 0, 0 ]
                    }
                }
            }
        },
        "animation.gm1_sky.wave_right": {
            "animation_length": 1.125,
            "bones": {
                "waist": {
                    "rotation": {
                        "0.0": [ 0, 0, 0 ],
                        "0.125": [ 0, 0, 15 ],
                        "0.2917": [ 0, 0, 5 ],
                        "0.5": [ 0, 0, 10 ],
                        "0.7083": [ 0, 0, 5 ],
                        "0.9167": [ 0, 0, 10 ],
                        "1.125": [ 0, 0, 0 ]
                    }
                },
                "rightArm": {
                    "rotation": {
                        "0.0": [ 0, 0, 0 ],
                        "0.1667": [ -145.9276, 8.5373, -12.3796 ],
                        "0.3333": [ -151.79133, 21.6347, -34.5027 ],
                        "0.5417": [ -145.9276, 8.5373, -12.3796 ],
                        "0.75": [ -151.79133, 21.6347, -34.5027 ],
                        "0.9583": [ -145.9276, 8.5373, -12.3796 ],
                        "1.125": [ 0, 0, 0 ]
                    }
                }
            }
        },
        "animation.gm1_sky.wave_both": {
            "animation_length": 1.125,
            "bones": {
                "leftArm": {
                    "rotation": {
                        "0.0": [ 0, 0, 0 ],
                        "0.125": [ -145.9276, -8.53726, 12.37961 ],
                        "0.3333": [ -151.79133, -21.63471, 34.50269 ],
                        "0.5417": [ -145.9276, -8.53726, 12.37961 ],
                        "0.75": [ -151.79133, -21.63471, 34.50269 ],
                        "0.9583": [ -145.9276, -8.53726, 12.37961 ],
                        "1.125": [ 0, 0, 0 ]
                    }
                },
                "waist": {
                    "rotation": {
                        "0.0": [ 0, 0, 0 ],
                        "0.0833": [ -15, 0, 0 ],
                        "0.2917": [ -5, 0, 0 ],
                        "0.5": [ -10, 0, 0 ],
                        "0.7083": [ -5, 0, 0 ],
                        "0.9167": [ -10, 0, 0 ],
                        "1.125": [ 0, 0, 0 ]
                    }
                },
                "rightArm": {
                    "rotation": {
                        "0.0": [ 0, 0, 0 ],
                        "0.125": [ -145.9276, 8.5373, -12.3796 ],
                        "0.3333": [ -151.79133, 21.6347, -34.5027 ],
                        "0.5417": [ -145.9276, 8.5373, -12.3796 ],
                        "0.75": [ -151.79133, 21.6347, -34.5027 ],
                        "0.9583": [ -145.9276, 8.5373, -12.3796 ],
                        "1.125": [ 0, 0, 0 ]
                    }
                }
            }
        }
    }
}