{
    "format_version": "1.8.0",
    "animations": {
        "animation.gm1_sky.sneak": {
            "loop": true,
            "bones": {
                "body": { "rotation": [ 27.5, 0, 0 ], "position": [ 0, -3, -2.2 ]},
                "head": { "rotation": [ -15, 0, 0 ], "position": [ 0, -1.4, 0 ]},
                "rightArm": { "position": [ 0, -1, 0 ]},
                "leftArm": { "position": [ 0, -1, 0 ]},
                "rightLeg": { "position": [ 0, 0, 2 ]},
                "leftLeg": { "position": [ 0, 0, 2 ]}
            }
        },
        "animation.gm1_sky.chop": {
            "loop": true,
            "animation_length": 0.375,
            "bones": {
                "body": {
                    "rotation": { "0.0": [ 0, 0, 0 ], "0.0417": [ 0, -6, 0 ], "0.1667": [ 0, 16.5, 0 ], "0.25": [ 0, 0, 0 ]}
                },
                "head": {
                    "rotation": { "0.0": [ 0, 0, 0 ], "0.0417": [ 0, 6, 0 ], "0.1667": [ 0, -16.5, 0 ], "0.25": [ 0, 0, 0 ]}
                },
                "rightArm": {
                    "rotation": {
                        "0.0": [ 0, 0, 0 ],
                        "0.0833": [ -37.45372, 27.03402, 30.68206 ],
                        "0.1667": [ -63.6986, 4.77628, -3.63375 ],
                        "0.25": [ -61.2213, -30.01714, -12.88957 ],
                        "0.3333": [ 0, 0, 0 ]
                    }
                },
                "leftArm": {
                    "rotation": {
                        "0.0": [ 0, 0, 0 ],
                        "0.0833": [ 0, 7.5, 0 ],
                        "0.25": [ 3.61644, -19.6835, -10.62758 ],
                        "0.3333": [ 0, 0, 0 ]
                    }
                }
            }
        },
        "animation.gm1_sky.eat": {
            "animation_length": 1.125,
            "bones": {
                "head": {
                    "rotation": {
                        "0.125": [ 0, 0, 0 ],
                        "0.25": [ 15, 0, 0 ],
                        "0.375": [ 0, 0, 0 ],
                        "0.5": [ 15, 0, 0 ],
                        "0.625": [ 0, 0, 0 ],
                        "0.75": [ 15, 0, 0 ],
                        "0.875": [ 0, 0, 0 ],
                        "1.0": [ 0, 0, 0 ]
                    }
                },
                "rightArm": {
                    "rotation": {
                        "0.0": [ 0, 0, 0 ],
                        "0.125": [ -110.29071, -48.34432, -8.96695 ],
                        "0.25": [ -115.45577, -57.57085, 2.48062 ],
                        "0.375": [ -110.29071, -48.34432, -15.96695 ],
                        "0.5": [ -115.45577, -57.57085, 2.48062 ],
                        "0.625": [ -110.29, -48.34, -19.97 ],
                        "0.75": [ -115.45577, -57.57085, 2.48062 ],
                        "0.875": [ -110.29, -48.34, -9.97 ],
                        "1.0": [ -115.45577, -57.57085, 2.48062 ],
                        "1.125": [ 0, 0, 0 ]
                    },
                    "position": { "0.0": [ 0, 0, 0 ], "0.125": [ -1, 0, -2 ], "1.0": [ -1, 0, -2 ], "1.125": [ 0, 0, 0 ]}
                },
                "hat": {
                    "rotation": {
                        "0.125": [ 0, 0, 0 ],
                        "0.25": [ 7.5, 0, 0 ],
                        "0.375": [ 0, 0, 0 ],
                        "0.5": [ 7.5, 0, 0 ],
                        "0.625": [ 0, 0, 0 ],
                        "0.75": [ 7.5, 0, 0 ],
                        "0.875": [ 0, 0, 0 ],
                        "1.0": [ 0, 0, 0 ]
                    }
                }
            }
        },
        "animation.gm1_sky.spin_around": {
            "animation_length": 1.75,
            "bones": {
                "head": {
                    "rotation": {
                        "0.0": [ 0, 0, 0 ],
                        "0.125": [ 0, 50, 0 ],
                        "0.375": [ 0, 50, 0 ],
                        "0.4583": [ 0, 35, 0 ],
                        "0.75": [ 0, 50, 0 ],
                        "1.1667": [ 0, 50, 0 ],
                        "1.4583": [ 0, 50, 0 ],
                        "1.5833": [ 0, 23.46, 0 ],
                        "1.75": [ 0, 0, 0 ]
                    }
                },
                "root": {
                    "rotation": {
                        "0.0": [ 0, 0, 0 ],
                        "0.3333": [ 0, 109.09, 0 ],
                        "0.4583": [ 0, 174.55, 0 ],
                        "0.5833": [ 0, 174.55, 0 ],
                        "1.125": [ 0, 360, 0 ]
                    }
                }
            }
        },
        "animation.gm1_sky.bow": {
            "loop": true,
            "bones": {
                "leftArm": { "rotation": [ -67.57851, 55.42658, 18.76479 ]},
                "rightArm": { "rotation": [ -87.5, 0, 0 ]}
            }
        },
        "animation.gm1_sky.cape": {
            "loop": true,
            "bones": {
                "cape": {
                    "position": [ 0, "query.get_root_locator_offset('armor_offset.default_neck', 1)", 0 ],
                    "rotation": [ "math.lerp(0.0, -75, query.modified_move_speed) - 6.0", 0, 0 ]
                }
            }
        }
    }
}