{
	"format_version": "1.8.0",
	"animations": {
		"animation.gm1_ord.character_super_shadow.dash_charge": {
			"loop": "hold_on_last_frame",
			"animation_length": 1,
			"bones": {
				"a": {
					"rotation": {
						"0.0": [0, 0, 0],
						"0.1875": [10.34527, -14.76689, -2.66399]
					},
					"position": {
						"0.0": [0, 0, 0],
						"0.1875": [0, "-2+math.sin(q.anim_time*800)*0.5", 2]
					}
				},
				"thigh_right": {
					"rotation": {
						"0.0": [0, 0, 0],
						"0.1875": [-45.11481, 10.23987, 1.16009]
					}
				},
				"leg_right": {
					"rotation": {
						"0.0": [0, 0, 0],
						"0.1875": [32.5, 0, 0]
					}
				},
				"foot_right": {
					"rotation": [0, 0, 0]
				},
				"thigh_left": {
					"rotation": {
						"0.0": [0, 0, 0],
						"0.1875": [29.25607, 10.21457, -2.81508]
					}
				},
				"leg_left": {
					"rotation": {
						"0.0": [0, 0, 0],
						"0.1875": [15, 0, 0]
					}
				},
				"foot_left": {
					"rotation": {
						"0.0": [0, 0, 0],
						"0.1875": [12.5, 0, 0]
					}
				},
				"arm_left": {
					"rotation": {
						"0.0": [0, 0, 0],
						"0.1875": [71.11737, 21.10161, -30.42978]
					}
				},
				"forearm_left": {
					"rotation": {
						"0.0": [0, 0, 0],
						"0.1875": [-27.5, 0, 0]
					}
				},
				"arm_right": {
					"rotation": {
						"0.0": [0, 0, 0],
						"0.1875": [-19.8423, 2.55868, 52.05239]
					}
				},
				"forearm_right": {
					"rotation": {
						"0.0": [0, 0, 0],
						"0.1875": [-87.52136, -0.32621, 7.49294]
					}
				},
				"skull": {
					"rotation": {
						"0.0": [0, 0, 0],
						"0.1875": [5.80804, 14.52355, -10.47589]
					}
				},
				"ear_right": {
					"rotation": {
						"0.0": [0, 0, 0],
						"0.1875": [57.5, 0, 0]
					}
				},
				"ear_left": {
					"rotation": {
						"0.0": [0, 0, 0],
						"0.1875": [50.28872, -17.67415, 14.15251]
					}
				}
			}
		},
		"animation.gm1_ord.character_super_shadow.dash_stop3": {
			"loop": "hold_on_last_frame",
			"animation_length": 0.3333,
			"bones": {
				"root": {
					"position": [0, -1.1, -9.2]
				},
				"skull": {
					"rotation": {
						"0.0417": [-9.16, -2.91, 0],
						"0.125": [-19.99, 14.75, 0],
						"0.25": [-33.08852, 13.88297, -2.42003]
					}
				},
				"arm_right": {
					"rotation": {
						"0.0417": [-152.5, 40, -17.5],
						"0.125": [-72.42, -30.2, 18.55],
						"0.1667": [-72.42, -30.2, 18.55],
						"0.25": [-74.65738, -2.5206, 50.24337]
					},
					"position": {
						"0.0417": [0, 0, -2],
						"0.1667": [0, 0, 0],
						"0.25": [0, 0, 0]
					}
				},
				"forearm_right": {
					"rotation": {
						"0.0417": [-45.83, 0, 0],
						"0.125": [-31.79, 11.77, 6.36],
						"0.1667": [-8.5146, -2.33954, 9.54013],
						"0.25": [-36.0146, -2.33954, 9.54013]
					}
				},
				"hand_right": {
					"rotation": {
						"0.0417": [0, 5.5, 0],
						"0.1667": [0, 7.5, 0],
						"0.25": [0, 7.5, 0]
					}
				},
				"arm_left": {
					"rotation": {
						"0.0417": [-190, 0, 35],
						"0.125": [-65, 12.5, -25],
						"0.1667": [-65, 12.5, -25],
						"0.25": [-68.12826, 11.08795, -53.34543]
					}
				},
				"forearm_left": {
					"rotation": {
						"0.0417": [-64.7, 0, 0],
						"0.1667": [-32.5, 0, 0],
						"0.25": [-45, 0, 0]
					}
				},
				"hand_left": {
					"rotation": {
						"0.0417": [0, -15.2, 0],
						"0.1667": [0, -20, 0],
						"0.25": [0, -20, 0]
					}
				},
				"thigh_right": {
					"rotation": {
						"0.0417": [15, -20, 17.5],
						"0.125": [-94.93, 63.07, 17.5],
						"0.25": [-92.93919, 40.61838, 19.98318]
					}
				},
				"leg_right": {
					"rotation": {
						"0.0417": [5.88, 0, 0],
						"0.1667": [58.07949, 6.37603, -3.9574],
						"0.25": [58.07949, 6.37603, -3.9574]
					}
				},
				"foot_right": {
					"rotation": {
						"0.0417": [-3.41, 0, 0],
						"0.25": [-3.41, 0, 0]
					}
				},
				"thigh_left": {
					"rotation": {
						"0.0417": [26.17, -43.83, -43.75],
						"0.125": [-55.3, -45.3, -49.25],
						"0.25": [-63.58941, -25.81014, -35.24569]
					}
				},
				"leg_left": {
					"rotation": [26.5, 0, 0]
				},
				"foot_left": {
					"rotation": [-0.17, 0, 0]
				},
				"a": {
					"scale": 1
				},
				"ear_right": {
					"rotation": {
						"0.1667": [72.5, 0, 0],
						"0.25": [72.5, 0, 0]
					}
				},
				"ear_left": {
					"rotation": {
						"0.1667": [60, 0, 0],
						"0.25": [60, 0, 0]
					}
				},
				"full": {
					"scale": {
						"0.0": [0, 0, 0],
						"0.1667": [1, 1, 1]
					}
				},
				"chest": {
					"rotation": {
						"0.0417": [-75, 12.5, -15],
						"0.125": [52.5, 0, 0],
						"0.1667": [52.5, 0, 0],
						"0.25": [52.5, 0, 0]
					}
				}
			}
		},
		"animation.gm1_ord.character_super_shadow.dash_stop": {
			"loop": "hold_on_last_frame",
			"animation_length": 0.3333,
			"bones": {
				"root": {
					"rotation": [5, -52.5, -2.5],
					"position": {
						"0.0": [0, 4, 16],
						"0.0833": [0, 0, -5],
						"0.125": [0, -1.1, -9.2]
					}
				},
				"skull": {
					"rotation": {
						"0.0417": [7.5, -15, 0],
						"0.0833": [-12.5, 5, 0],
						"0.125": [-9.16, 44.59, 0],
						"0.2083": [35.01, 14.75, 0],
						"0.25": [21.25275, 21.00924, 9.75942]
					}
				},
				"arm_right": {
					"rotation": [-23.11237, -4.94266, 75.65616],
					"position": [0, 0, 0]
				},
				"forearm_right": {
					"rotation": {
						"0.0417": [-70, 0, 0],
						"0.125": [-45.83, 0, 0],
						"0.2083": [-31.79, 11.77, 6.36],
						"0.25": [-18.5146, 0, 9.54013]
					}
				},
				"hand_right": {
					"rotation": {
						"0.0417": [0, 0, 0],
						"0.125": [0, 5.5, 0],
						"0.25": [0, 7.5, 0]
					}
				},
				"arm_left": {
					"rotation": {
						"0.0833": [0, 0, -27.5],
						"0.125": [20.9, -5.7, -63.6],
						"0.25": [27.5, -7.5, -75]
					}
				},
				"forearm_left": {
					"rotation": {
						"0.0833": [0, 0, 0],
						"0.125": [-24.7, 0, 0],
						"0.25": [-32.5, 0, 0]
					}
				},
				"hand_left": {
					"rotation": {
						"0.0833": [0, 0, 0],
						"0.125": [0, -15.2, 0],
						"0.25": [0, -20, 0]
					}
				},
				"thigh_right": {
					"rotation": {
						"0.0417": [45, -20, 5],
						"0.125": [15, -20, 17.5],
						"0.25": [-39.49388, -45.88388, -13.46289]
					}
				},
				"leg_right": {
					"rotation": {
						"0.125": [5.88, 0, 0],
						"0.25": [58.07949, 6.37603, -3.9574]
					}
				},
				"foot_right": {
					"rotation": {
						"0.0417": [0, 0, 0],
						"0.125": [-3.41, 0, 0]
					}
				},
				"thigh_left": {
					"rotation": {
						"0.0833": [32.5, -37.5, -20],
						"0.125": [26.17, -43.83, -43.75],
						"0.25": [43.84229, -26.14597, -73.74319]
					}
				},
				"leg_left": {
					"rotation": {
						"0.0833": [7.5, 0, 0],
						"0.125": [26.5, 0, 0]
					}
				},
				"foot_left": {
					"rotation": {
						"0.0833": [12.5, 0, 0],
						"0.125": [-0.17, 0, 0]
					}
				},
				"a": {
					"scale": 1
				},
				"ear_right": {
					"rotation": {
						"0.0": [0, 0, 0],
						"0.25": [72.5, 0, 0]
					}
				},
				"ear_left": {
					"rotation": {
						"0.0": [0, 0, 0],
						"0.25": [60, 0, 0]
					}
				},
				"full": {
					"scale": {
						"0.0": [0, 0, 0],
						"0.125": [1, 1, 1]
					}
				},
				"chest": {
					"rotation": {
						"0.0417": [15, 90, -15],
						"0.125": [30, 45, -7.5],
						"0.2083": [0, 0, 0]
					}
				}
			}
		},
		"animation.gm1_ord.character_super_shadow.dash_stop2": {
			"loop": "hold_on_last_frame",
			"animation_length": 0.3333,
			"bones": {
				"root": {
					"rotation": [5, -52.5, -2.5],
					"position": {
						"0.0833": [0, 4, 16],
						"0.1667": [0, 0, -5],
						"0.2083": [0, -1.1, -9.2]
					}
				},
				"skull": {
					"rotation": {
						"0.125": [22.5, 17.5, 0],
						"0.1667": [7.5, 32.5, 0],
						"0.2083": [20, 22.5, 0],
						"0.25": [12.92976, 41.28002, 14.75077]
					}
				},
				"arm_right": {
					"rotation": {
						"0.125": [0, 0, 30],
						"0.2083": [94.17, -12.83, 57.5],
						"0.25": [46.88763, -4.94266, 43.15616]
					}
				},
				"forearm_right": {
					"rotation": {
						"0.125": [0, 0, 0],